Paper ID,Publishable,Conference,Rationale
R001,0,na,The paper lacks a coherent research question and methodology.  The connections drawn between graphite and various unrelated phenomena are arbitrary and lack scientific basis. The writing style is nonsensical and does not present any valid research findings.
R002,0,na,"The paper lacks scientific rigor and coherence.  It presents a nonsensical collection of unrelated ideas and concepts, lacking any discernible methodology or meaningful results. The writing style is excessively verbose and lacks clarity."
R003,0,na,"The paper is nonsensical and lacks any scientific rigor or methodology.  The writing is rambling, incoherent, and employs meaningless jargon. There is no identifiable research question, data, or analysis."
R004,0,na,"The paper lacks a clear, focused research question and methodology.  The inclusion of seemingly unrelated elements like dreamscapes, philosophical quotes, and classical music impacting biopolymer properties lacks scientific rigor and undermines the credibility of the research.  The results are poorly presented and lack statistical analysis.  The writing style is overly descriptive and lacks conciseness."
R005,1,neurips,"The paper uses LSTM networks for gesture prediction and analysis in a novel context (flamenco dance with AR).  The focus on machine learning techniques, the exploration of complex temporal dynamics, and the analysis of group cohesion align well with NeurIPS's scope.  The unexpected results regarding cross-cultural gesture drift and emotional influence also present interesting theoretical contributions."
R006,1,cvpr,"This paper introduces a new dataset, MLB-YouTube, focusing on detailed action recognition in baseball videos, a novel application within computer vision.  The research also presents a comparative analysis of various temporal feature aggregation methods, contributing to the advancement of action recognition techniques.  The dataset and results are highly relevant to CVPR's scope."
R007,1,cvpr,"The paper presents a comprehensive review of a challenge focused on 3D food modeling using computer vision techniques.  The detailed analysis of various approaches and results directly relates to computer vision and its applications in the food and nutrition domain, making CVPR a suitable venue."
R008,1,emnlp,"This paper focuses on improving noun-noun compound interpretation using transfer and multi-task learning.  This is a core NLP problem, directly relevant to EMNLP's scope. The paper presents novel experiments and a thorough analysis of results, including an in-depth examination of generalization capabilities beyond lexical memorization. The detailed empirical evaluation and analysis of results strongly support publication."
R009,1,kdd,"This paper addresses a significant problem in knowledge discovery and data mining: improving the accuracy of crowdsourced predictions.  The use of natural language justifications alongside predictions, and the development of a neural network model to aggregate this information, directly aligns with KDD's focus on extracting knowledge from data. The empirical evaluation and analysis of results further strengthen its suitability for KDD."
R010,1,kdd,This paper presents a novel approach to indoor localization using multi-modal data (RSSI and accelerometer) and applies it to a real-world problem of detecting medication usage in Parkinson's Disease patients.  The focus on using in-home gait speed features derived from localization data for disease monitoring strongly aligns with KDD's focus on knowledge discovery and data mining from real-world datasets.
R011,1,kdd,"This paper addresses popularity bias in recommender systems, a core problem in knowledge discovery and data mining.  The proposed PAAC method introduces novel techniques for supervised alignment and re-weighted contrastive learning to improve the representation of unpopular items and reduce representation separation. The extensive experiments and ablation study demonstrate the effectiveness of the proposed approach, making it a strong candidate for KDD."
R012,1,neurips,"The paper presents a novel method for designing safe predictors with guaranteed safety properties, addressing a crucial challenge in applying machine learning to safety-critical systems.  The theoretical contributions (Theorem 2.1 and its proof) and the application to aircraft collision avoidance align well with NeurIPS' focus on machine learning theory and applications."
R013,1,neurips,"This paper presents novel theoretical results on generalization in ReLU networks, using concepts like the Neural Restricted Isometry Property (NeuRIPs) and chaining techniques.  The focus on theoretical analysis of generalization bounds aligns well with NeurIPS's emphasis on machine learning theory and algorithms."
R014,1,neurips,"This paper presents novel convergence results for modified optimistic gradient methods and extragradient methods applied to nonconvex-nonconcave min-max problems with weak Minty solutions.  This theoretical contribution, along with the introduction of an adaptive step size method, aligns well with NeurIPS' focus on machine learning theory and algorithms."
R015,1,neurips,"This paper presents a novel theoretical analysis of denoising diffusion probabilistic models, providing a quantitative upper bound on the Wasserstein distance.  This is a significant theoretical contribution to the field of deep generative models, aligning well with NeurIPS' focus on machine learning theory and fundamental advancements."
